insert into discounts (id, code, quantity, percentage) values (1, 'PRIMEIRACOMPRA', 1, 10);

insert into products (id, name, description, price, favorite_photo_url) values (1, 'MULTI PANEL UTILITY JACKET', 'WASHED COTTON, SHOULDER POCKETS, VELCRO CLOSURES, ANTHRACITE RIBBON, RED FLAG LABEL', 260, 'https://cdn.shopify.com/s/files/1/2068/4441/files/TBMW003FA03_BEG0016_1_KHAKI_16a4b51c-0388-40de-8697-107847f4b0e7.jpg?v=1712081135&width=1400&height=1400&crop=center');
insert into product_features (id, product_id, quantity, name) values (1, 1, 0, 'S');
insert into product_features (id, product_id, quantity, name) values (2, 1, 0, 'M');
insert into product_features (id, product_id, quantity, name) values (3, 1, 1, 'L');
insert into product_features (id, product_id, quantity, name) values (4, 1, 3, 'XL');
insert into product_photos (id, product_id, photo_url) values (1, 1, 'https://cdn.shopify.com/s/files/1/2068/4441/files/TBMW003FA03_BEG0016_1_KHAKI_16a4b51c-0388-40de-8697-107847f4b0e7.jpg?v=1712081135&width=1400&height=1400&crop=center');
insert into product_photos (id, product_id, photo_url) values (2, 1, 'https://cdn.shopify.com/s/files/1/2068/4441/files/TBMW003FA03_BEG0016_2_KHAKI.jpg?v=1712081134&width=1400&height=1400&crop=center');
insert into product_photos (id, product_id, photo_url) values (3, 1, 'https://cdn.shopify.com/s/files/1/2068/4441/files/TBMW003FA03_BEG0016_4_KHAKI.jpg?v=1712081134&width=1400&height=1400&crop=center');
insert into product_photos (id, product_id, photo_url) values (4, 1, 'https://cdn.shopify.com/s/files/1/2068/4441/files/TBMW003FA03_BEG0016_3_KHAKI.jpg?v=1712081135&width=1400&height=1400&crop=center');

insert into products (id, name, description, price, favorite_photo_url) values (2, 'LET CHAOS REIGN LONG SLEEVE', 'MADE IN THE USA, SCREEN PRINTED IN THE USA, 100% COTTON, CUT & SEW CUSTOM BODY', 66, 'https://cdn.shopify.com/s/files/1/2068/4441/files/METAL_LS_TEE.jpg?v=1712246055&width=1400&height=1400&crop=center');
insert into product_features (id, product_id, quantity, name) values (5, 2, 0, 'S');
insert into product_features (id, product_id, quantity, name) values (6, 2, 1, 'M');
insert into product_features (id, product_id, quantity, name) values (7, 2, 3, 'L');
insert into product_features (id, product_id, quantity, name) values (8, 2, 2, 'XL');
insert into product_photos (id, product_id, photo_url) values (5, 2, 'https://cdn.shopify.com/s/files/1/2068/4441/files/METAL_LS_TEE.jpg?v=1712246055&width=1400&height=1400&crop=center');
insert into product_photos (id, product_id, photo_url) values (6, 2, 'https://cdn.shopify.com/s/files/1/2068/4441/files/METAL_LS_BACK.jpg?v=1712246055&width=1400&height=1400&crop=center');

insert into products (id, name, description, price, favorite_photo_url) values (3, 'CAMP COLLAR SHIRT', 'MADE IN ITALY, ALL OVER PHOTO PRINT, FLUID VISCOSE', 160, 'https://cdn.shopify.com/s/files/1/2068/4441/files/TBMW007FA06_MLT0001_1_BROWN_c0f90a76-2400-4b99-bc76-007cc2745729.jpg?v=1709589222&width=1400&height=1400&crop=center');
insert into product_features (id, product_id, quantity, name) values (9, 3, 4, 'S');
insert into product_features (id, product_id, quantity, name) values (10, 3, 2, 'M');
insert into product_features (id, product_id, quantity, name) values (11, 3, 1, 'L');
insert into product_features (id, product_id, quantity, name) values (12, 3, 0, 'XL');
insert into product_photos (id, product_id, photo_url) values (7, 3, 'https://cdn.shopify.com/s/files/1/2068/4441/files/TBMW007FA06_MLT0001_1_BROWN_c0f90a76-2400-4b99-bc76-007cc2745729.jpg?v=1709589222&width=1400&height=1400&crop=center');
insert into product_photos (id, product_id, photo_url) values (8, 3, 'https://cdn.shopify.com/s/files/1/2068/4441/files/TBMW007FA06_MLT0001_2_BROWN.jpg?v=1709589222&width=1400&height=1400&crop=center');
insert into product_photos (id, product_id, photo_url) values (9, 3, 'https://cdn.shopify.com/s/files/1/2068/4441/files/TBMW007FA06_MLT0001_3_BROWN.jpg?v=1709589222&width=1400&height=1400&crop=center');

insert into products (id, name, description, price, favorite_photo_url) values (4, 'CERAMIC PIGGY BANK', 'CERAMIC PIGGY BANK, LENGTH 8"; WIDTH 6"; HEIGHT 5"', 60, 'https://cdn.shopify.com/s/files/1/2068/4441/files/TBUW301OT01_PNK0006_2.jpg?v=1709767144&width=1400&height=1400&crop=center');
insert into product_features (id, product_id, quantity, name) values (13, 4, 5, 'ONE SIZE');
insert into product_photos (id, product_id, photo_url) values (10, 4, 'https://cdn.shopify.com/s/files/1/2068/4441/files/TBUW301OT01_PNK0006_2.jpg?v=1709767144&width=1400&height=1400&crop=center');
insert into product_photos (id, product_id, photo_url) values (11, 4, 'https://cdn.shopify.com/s/files/1/2068/4441/files/TBUW301OT01_PNK0006_3.jpg?v=1709767144&width=1400&height=1400&crop=center');
insert into product_photos (id, product_id, photo_url) values (12, 4, 'https://cdn.shopify.com/s/files/1/2068/4441/files/TBUW301OT01_PNK0006_1.jpg?v=1709767144&width=1400&height=1400&crop=center');
insert into product_photos (id, product_id, photo_url) values (13, 4, 'https://cdn.shopify.com/s/files/1/2068/4441/files/TBUW301OT01_PNK0006_5.jpg?v=1709767144&width=1400&height=1400&crop=center');
insert into product_photos (id, product_id, photo_url) values (14, 4, 'https://cdn.shopify.com/s/files/1/2068/4441/files/TBUW301OT01_PNK0006_4.jpg?v=1709767145&width=1400&height=1400&crop=center');

insert into products (id, name, description, price, favorite_photo_url) values (5, 'OVAL PARODY LOGO SNAPBACK', 'ORIGINAL FIT SNAPBACK, STRUCTURED 6 PANEL MID-PROFILE, EMBROIDERED PATCH', 45, 'https://cdn.shopify.com/s/files/1/2068/4441/files/STRAIGHT_ON.jpg?v=1698425598&width=800&height=800&crop=center');
insert into product_features (id, product_id, quantity, name) values (14, 5, 2, 'ONE SIZE');
insert into product_photos (id, product_id, photo_url) values (15, 5, 'https://cdn.shopify.com/s/files/1/2068/4441/files/STRAIGHT_ON.jpg?v=1698425598&width=800&height=800&crop=center');
insert into product_photos (id, product_id, photo_url) values (16, 5, 'https://cdn.shopify.com/s/files/1/2068/4441/files/SIDE_ANGLE2.jpg?v=1698425599&width=800&height=800&crop=center');

insert into products (id, name, description, price, favorite_photo_url) values (6, 'YOU & YOUR CREW BLACK', 'MADE IN THE USA, SCREEN PRINTED IN THE USA, 100% COTTON, CUT & SEW CUSTOM BODY', 48, 'https://cdn.shopify.com/s/files/1/2068/4441/files/RATS_BLACK_f3cb22ef-2fe2-4d89-abb1-640ebd5a0caa.jpg?v=1709765291&width=400&height=400&crop=center');
insert into product_features (id, product_id, quantity, name) values (15, 6, 0, 'S');
insert into product_features (id, product_id, quantity, name) values (16, 6, 0, 'M');
insert into product_features (id, product_id, quantity, name) values (17, 6, 0, 'L');
insert into product_features (id, product_id, quantity, name) values (18, 6, 0, 'XL');
insert into product_photos (id, product_id, photo_url) values (17, 6, 'https://cdn.shopify.com/s/files/1/2068/4441/files/RATS_BLACK.jpg?v=1709765232&width=800&height=800&crop=center');

insert into products (id, name, description, price, favorite_photo_url) values (7, 'YOU & YOUR CREW WHITE', 'MADE IN THE USA, SCREEN PRINTED IN THE USA, 100% COTTON, CUT & SEW CUSTOM BODY', 48, 'https://cdn.shopify.com/s/files/1/2068/4441/files/RATS_WHITE_28843359-192d-4d10-801e-e5136ec8aec0.jpg?v=1709765293&width=800&height=800&crop=center');
insert into product_features (id, product_id, quantity, name) values (19, 7, 0, 'S');
insert into product_features (id, product_id, quantity, name) values (20, 7, 0, 'M');
insert into product_features (id, product_id, quantity, name) values (21, 7, 1, 'L');
insert into product_features (id, product_id, quantity, name) values (22, 7, 1, 'XL');
insert into product_photos (id, product_id, photo_url) values (18, 7, 'https://cdn.shopify.com/s/files/1/2068/4441/files/RATS_WHITE.jpg?v=1709765233&width=800&height=800&crop=center');

insert into products (id, name, description, price, favorite_photo_url) values (8, 'GOMORRA BLACK', 'MADE IN THE USA, SCREEN PRINTED IN THE USA, 100% COTTON, CUT & SEW CUSTOM BODY', 48, 'https://cdn.shopify.com/s/files/1/2068/4441/files/TBMW060JY24_BLK0001_1_BLACK.jpg?v=1709682199&width=400&height=400&crop=center');
insert into product_features (id, product_id, quantity, name) values (23, 8, 2, 'S');
insert into product_features (id, product_id, quantity, name) values (24, 8, 3, 'M');
insert into product_features (id, product_id, quantity, name) values (25, 8, 4, 'L');
insert into product_features (id, product_id, quantity, name) values (26, 8, 1, 'XL');
insert into product_photos (id, product_id, photo_url) values (19, 8, 'https://cdn.shopify.com/s/files/1/2068/4441/files/TBMW060JY24_BLK0001_1_BLACK.jpg?v=1709682199&width=800&height=800&crop=center');

insert into products (id, name, description, price, favorite_photo_url) values (9, 'GOMORRA WHITE', 'MADE IN THE USA, SCREEN PRINTED IN THE USA, 100% COTTON, CUT & SEW CUSTOM BODY', 48, 'https://cdn.shopify.com/s/files/1/2068/4441/files/TBMW060JY24_WTH0001_1_WHITE.jpg?v=1709682198&width=400&height=400&crop=center');
insert into product_features (id, product_id, quantity, name) values (27, 9, 1, 'S');
insert into product_features (id, product_id, quantity, name) values (28, 9, 2, 'M');
insert into product_features (id, product_id, quantity, name) values (29, 9, 3, 'L');
insert into product_features (id, product_id, quantity, name) values (30, 9, 1, 'XL');
insert into product_photos (id, product_id, photo_url) values (20, 9, 'https://cdn.shopify.com/s/files/1/2068/4441/files/TBMW060JY24_WTH0001_1_WHITE.jpg?v=1709682198&width=800&height=800&crop=center');

insert into products (id, name, description, price, favorite_photo_url) values (10, 'UTILITY SERVICE PANTS', 'MADE IN ITALY, DARK GRAY GABARDINE CHINO PANTS, WESTERN YOKE POCKETS', 150, 'https://cdn.shopify.com/s/files/1/2068/4441/files/TBMW008FA07_GRY0003_1_GREY_b92aa3f3-2a26-4dca-a709-5d82a511e7bb.jpg?v=1709668290&width=400&height=400&crop=center');
insert into product_features (id, product_id, quantity, name) values (31, 10, 0, 'S');
insert into product_features (id, product_id, quantity, name) values (32, 10, 0, 'M');
insert into product_features (id, product_id, quantity, name) values (33, 10, 1, 'L');
insert into product_features (id, product_id, quantity, name) values (34, 10, 0, 'XL');
insert into product_photos (id, product_id, photo_url) values (21, 10, 'https://cdn.shopify.com/s/files/1/2068/4441/files/TBMW008FA07_GRY0003_1_GREY_b92aa3f3-2a26-4dca-a709-5d82a511e7bb.jpg?v=1709668290&width=800&height=800&crop=center');
insert into product_photos (id, product_id, photo_url) values (22, 10, 'https://cdn.shopify.com/s/files/1/2068/4441/files/TBMW008FA07_GRY0003_2_GREY.jpg?v=1709668289&width=800&height=800&crop=center');
insert into product_photos (id, product_id, photo_url) values (23, 10, 'https://cdn.shopify.com/s/files/1/2068/4441/files/TBMW008FA07_GRY0003_3_GREY.jpg?v=1709668290&width=800&height=800&crop=center');
insert into product_photos (id, product_id, photo_url) values (24, 10, 'https://cdn.shopify.com/s/files/1/2068/4441/files/TBMW008FA07_GRY0003_4_GREY.jpg?v=1709668290&width=800&height=800&crop=center');

insert into products (id, name, description, price, favorite_photo_url) values (11, 'FUN & NON ADDICTIVE BUTTON UP', 'MADE IN ITALY, HAND PULLED SCREEN PRINTED FRONT, COTTON POPLIN, RED FLAG LABEL', 160, 'https://cdn.shopify.com/s/files/1/2068/4441/files/TBMW0105FA39_BLK0001_1_BLACK_664b393b-73e9-45a5-94ae-e100d26f3177.jpg?v=1709590068&width=400&height=400&crop=center');
insert into product_features (id, product_id, quantity, name) values (35, 11, 0, 'S');
insert into product_features (id, product_id, quantity, name) values (36, 11, 0, 'M');
insert into product_features (id, product_id, quantity, name) values (37, 11, 0, 'L');
insert into product_features (id, product_id, quantity, name) values (38, 11, 0, 'XL');
insert into product_photos (id, product_id, photo_url) values (25, 11, 'https://cdn.shopify.com/s/files/1/2068/4441/files/TBMW0105FA39_BLK0001_1_BLACK_664b393b-73e9-45a5-94ae-e100d26f3177.jpg?v=1709590068&width=800&height=800&crop=center');
insert into product_photos (id, product_id, photo_url) values (26, 11, 'https://cdn.shopify.com/s/files/1/2068/4441/files/TBMW0105FA39_BLK0001_2_BLACK.jpg?v=1709590068&width=800&height=800&crop=center');
insert into product_photos (id, product_id, photo_url) values (27, 11, 'https://cdn.shopify.com/s/files/1/2068/4441/files/TBMW0105FA39_BLK0001_3_BLACK.png?v=1709590068&width=800&height=800&crop=center');
insert into product_photos (id, product_id, photo_url) values (28, 11, 'https://cdn.shopify.com/s/files/1/2068/4441/files/TBMW0105FA39_BLK0001_4_BLACK.jpg?v=1709590068&width=800&height=800&crop=center');

insert into products (id, name, description, price, favorite_photo_url) values (12, 'WESTERN YOKE POCKET OXFORD SHIRT', 'MADE IN ITALY, OXFORD COTTON, RED FLAG LABEL, WESTERN YOKE DOUBLE FRONT FLAP POCKET', 144, 'https://cdn.shopify.com/s/files/1/2068/4441/files/TBMW005FA04_BLU0023_1_BLUE_ff91860e-49dd-40a1-bb95-535160a00c5f.jpg?v=1709590378&width=400&height=400&crop=center');
insert into product_features (id, product_id, quantity, name) values (39, 12, 0, 'S');
insert into product_features (id, product_id, quantity, name) values (40, 12, 1, 'M');
insert into product_features (id, product_id, quantity, name) values (41, 12, 2, 'L');
insert into product_features (id, product_id, quantity, name) values (42, 12, 0, 'XL');
insert into product_photos (id, product_id, photo_url) values (29, 12, 'https://cdn.shopify.com/s/files/1/2068/4441/files/TBMW005FA04_BLU0023_1_BLUE_ff91860e-49dd-40a1-bb95-535160a00c5f.jpg?v=1709590378&width=800&height=800&crop=center');
insert into product_photos (id, product_id, photo_url) values (30, 12, 'https://cdn.shopify.com/s/files/1/2068/4441/files/TBMW005FA04_BLU0023_2_BLUE.jpg?v=1709590378&width=800&height=800&crop=center');
insert into product_photos (id, product_id, photo_url) values (31, 12, 'https://cdn.shopify.com/s/files/1/2068/4441/files/TBMW005FA04_BLU0023_3_BLUE.png?v=1709590378&width=800&height=800&crop=center');

insert into products (id, name, description, price, favorite_photo_url) values (13, 'UTILITY WORK PANTS BLACK', '100% RIBSTOCK COTTON, REINFORCED KNEE, BACK FLAP POCKET, AVAILABLE IN: BLACK, BLUE & KHAKI', 139, 'https://cdn.shopify.com/s/files/1/2068/4441/files/TBMW009FA08_BLK0001_1_BLACK.jpg?v=1712322384&width=400&height=400&crop=center');
insert into product_features (id, product_id, quantity, name) values (43, 13, 0, 'S');
insert into product_features (id, product_id, quantity, name) values (44, 13, 0, 'M');
insert into product_features (id, product_id, quantity, name) values (45, 13, 1, 'L');
insert into product_features (id, product_id, quantity, name) values (46, 13, 3, 'XL');
insert into product_photos (id, product_id, photo_url) values (32, 13, 'https://cdn.shopify.com/s/files/1/2068/4441/files/TBMW009FA08_BLK0001_1_BLACK.jpg?v=1712322384&width=800&height=800&crop=center');
insert into product_photos (id, product_id, photo_url) values (33, 13, 'https://cdn.shopify.com/s/files/1/2068/4441/files/TBMW009FA08_BLK0001_2_BLACK.jpg?v=1712322477&width=800&height=800&crop=center');
insert into product_photos (id, product_id, photo_url) values (34, 13, 'https://cdn.shopify.com/s/files/1/2068/4441/files/TBMW009FA08_BLK0001_3_BLACK.jpg?v=1712322483&width=800&height=800&crop=center');
insert into product_photos (id, product_id, photo_url) values (35, 13, 'https://cdn.shopify.com/s/files/1/2068/4441/files/TBMW009FA08_BLK0001_4_BLACK.jpg?v=1712322483&width=800&height=800&crop=center');

insert into products (id, name, description, price, favorite_photo_url) values (14, 'UTILITY WORK PANTS BLUE', '100% RIBSTOCK COTTON, REINFORCED KNEE, BACK FLAP POCKET, AVAILABLE IN: BLACK, BLUE & KHAKI', 139, 'https://cdn.shopify.com/s/files/1/2068/4441/files/TBMW009FA08_BLU0021_1_BLUE.jpg?v=1712322413&width=400&height=400&crop=center');
insert into product_features (id, product_id, quantity, name) values (47, 14, 1, 'S');
insert into product_features (id, product_id, quantity, name) values (48, 14, 4, 'M');
insert into product_features (id, product_id, quantity, name) values (49, 14, 2, 'L');
insert into product_features (id, product_id, quantity, name) values (50, 14, 0, 'XL');
insert into product_photos (id, product_id, photo_url) values (36, 14, 'https://cdn.shopify.com/s/files/1/2068/4441/files/TBMW009FA08_BLU0021_1_BLUE.jpg?v=1712322413&width=800&height=800&crop=center');
insert into product_photos (id, product_id, photo_url) values (37, 14, 'https://cdn.shopify.com/s/files/1/2068/4441/files/TBMW009FA08_BLU0021_2_BLUE.jpg?v=1712322483&width=800&height=800&crop=center');
insert into product_photos (id, product_id, photo_url) values (38, 14, 'https://cdn.shopify.com/s/files/1/2068/4441/files/TBMW009FA08_BLU0021_3_BLUE.jpg?v=1712322534&width=800&height=800&crop=center');
insert into product_photos (id, product_id, photo_url) values (39, 14, 'https://cdn.shopify.com/s/files/1/2068/4441/files/TBMW009FA08_BLU0021_4_BLUE.jpg?v=1712322534&width=800&height=800&crop=center');

select setval('discounts_seq', 1, true);
select setval('products_seq', 14, true);
select setval('product_features_seq', 50, true);
select setval('product_photos_seq', 39, true);